pandaxz,e8bf7324-62f4-4e25-af1d-b8d14b9a36dc
barabajagals,9513ef8c-d4cd-4e6d-b375-9c5317d25e91
_itsrangerx,ba99b5f2-88f0-46af-914e-09226b58c68c
heavy_1301,ed047853-c09b-4484-8b0f-5c6364e7140a
minerman2006,c52b8f9d-8bcc-4d93-978b-75f9b68a84b2
gatohost,52923ab9-103f-3017-949a-db7b56955351
superperz,1ab8bcda-1f16-4645-a24f-033385a4513d
xxchillgamerxx,7af67896-3b6e-4577-9a33-55141ab85d17
akfoz,b22084bb-8bfc-476f-a1bf-921652fb5049
_f1ne_,55572d38-7bcb-4f90-a306-f6a3ffeb34b6
perunaboi123,e644fb5e-8940-4c48-bdc2-25f9eafa7041
vimsen07,75bef394-2dc4-4ccc-8e10-2e59f0e5d2df
flaminghoboo,d0bbdda5-d8e4-43c9-bcbd-e907fbad354a
qtaustin,7be7e250-ecdb-4e22-9b3b-040db8e7b0d8
luvgrey,aa511374-0346-4326-a077-366fa0c8ccae
mrenderman,aa05ae84-da97-33f5-82af-f28fa9b89e95
wick4301,5601892d-f24c-4a48-9372-1e62d236a492
broppin,c923f5d9-45e7-394f-a75f-0c9e32e79a5a
resleeves,843faf4f-e98d-4647-a114-32b64a6a2f12
